Date,GDP,Inflation,Unemployment,CurrentAccount,Exports,Imports
1997-01-01,1.6,2.4,7.3,0.3,32600,32723
1997-04-01,1.1,2.1,7.2,-0.4,32173,33777
1997-07-01,0.9,2.3,6.8,-0.1,32015,33076
1997-10-01,1.5,2.1,6.5,-0.4,32527,34036
1998-01-01,0.7,1.8,6.4,-1.2,33106,33946
1998-04-01,0.6,2.0,6.3,-0.8,32885,35100
1998-07-01,0.3,1.7,6.2,0.8,32764,34777
1998-10-01,0.7,1.7,6.1,0.1,32894,35494
1999-01-01,0.7,2.0,6.2,-2.8,32795,36335
1999-04-01,0.5,1.8,6.0,-2.2,32994,35953
1999-07-01,1.6,1.6,5.9,-2.2,34785,37284
1999-10-01,1.4,1.5,5.8,-1.3,36096,38061
2000-01-01,1.2,1.1,5.8,-1.6,36333,37568
2000-04-01,0.7,1.0,5.5,-1.6,37181,38747
2000-07-01,0.6,1.2,5.3,-2.0,38056,39861
2000-10-01,0.6,1.4,5.2,-2.1,38308,40898
2001-01-01,0.9,1.3,5.1,-1.0,41180,43122
2001-04-01,0.4,1.8,5.0,-2.1,39835,43518
2001-07-01,0.5,1.8,5.1,-2.1,38810,43342
2001-10-01,0.3,1.4,5.2,-1.9,37715,43079
2002-01-01,0.3,1.7,5.2,-1.8,39419,45550
2002-04-01,0.5,1.3,5.2,-2.7,40411,46873
2002-07-01,0.7,1.3,5.3,-1.6,39794,46971
2002-10-01,0.8,1.6,5.1,-1.8,38827,46619
2003-01-01,0.7,1.5,5.2,-0.9,40880,48246
2003-04-01,0.9,1.3,4.9,-2.1,39283,46743
2003-07-01,0.9,1.4,5.0,-2.7,39257,47279
2003-10-01,0.8,1.3,4.9,-1.6,39839,48600
2004-01-01,0.4,1.3,4.8,-2.4,39744,47976
2004-04-01,0.6,1.3,4.8,-2.4,40117,48850
2004-07-01,0.4,1.3,4.7,-3.2,41097,49301
2004-10-01,0.5,1.5,4.7,-1.2,42981,51564
2005-01-01,0.7,1.8,4.7,-1.9,43265,51387
2005-04-01,0.8,1.9,4.8,-0.7,44317,52803
2005-07-01,0.8,2.4,4.7,-2.7,45209,54891
2005-10-01,0.9,2.2,5.1,-2.6,47148,56270
2006-01-01,0.5,2.1,5.2,-3.3,58276,65866
2006-04-01,0.4,2.4,5.5,-2.9,61633,68222
2006-07-01,0.3,2.5,5.5,-3.3,50158,56006
2006-10-01,0.5,2.7,5.5,-3.0,48058,54835
2007-01-01,0.9,2.8,5.5,-3.9,48061,56099
2007-04-01,0.7,2.6,5.4,-2.8,48249,56820
2007-07-01,0.7,2.0,5.3,-4.4,50032,58326
2007-10-01,0.6,2.3,5.2,-3.8,51155,59747
2008-01-01,0.5,2.5,5.2,-3.5,52801,61935
2008-04-01,-0.5,3.3,5.4,-4.2,55239,63988
2008-07-01,-1.5,4.5,5.9,-3.6,55957,62656
2008-10-01,-2.1,3.7,6.4,-4.1,52442,57363
2009-01-01,-2.0,2.9,7.1,-4.0,50253,55187
2009-04-01,-0.3,2.0,7.8,-3.8,47837,55252
2009-07-01,0.1,1.4,7.8,-2.3,49208,56970
2009-10-01,0.3,1.6,7.8,-2.2,51490,59643
2010-01-01,0.9,2.4,8.0,-2.3,53412,60186
2010-04-01,1.1,2.5,7.9,-2.2,54645,61998
2010-07-01,0.6,2.3,7.8,-3.3,53761,62656
2010-10-01,0.1,2.7,7.9,-3.2,57202,64533
2011-01-01,0.3,3.5,7.8,-0.7,60285,65028
2011-04-01,0.1,3.8,7.9,-1.3,62244,66783
2011-07-01,0.3,4.0,8.3,-2.7,62173,68846
2011-10-01,0.1,4.0,8.4,-1.8,61948,68424
2012-01-01,0.9,3.1,8.2,-1.9,61654,68627
2012-04-01,-0.1,2.5,8.0,-3.9,58237,68910
2012-07-01,1.0,2.2,7.8,-2.9,59071,68388
2012-10-01,-0.1,2.4,7.8,-3.8,58837,68611
2013-01-01,0.3,2.5,7.8,-4.3,60124,70773
2013-04-01,0.7,2.4,7.7,-4.0,60049,71919
2013-07-01,0.8,2.4,7.6,-4.6,61007,73347
2013-10-01,0.7,1.9,7.2,-5.6,58634,73319
2014-01-01,0.8,1.6,6.7,-4.0,59237,72334
2014-04-01,0.9,1.6,6.3,-4.1,59664,73145
2014-07-01,0.8,1.5,6.0,-5.0,58733,73720
2014-10-01,0.7,1.1,5.7,-6.9,59263,75835
2015-01-01,0.3,0.4,5.5,-5.6,56427,74282
2015-04-01,0.6,0.3,5.6,-3.1,57518,73753
2015-07-01,0.4,0.4,5.3,-4.4,55817,73497
2015-10-01,0.6,0.4,5.1,-6.7,56344,74699
2016-01-01,0.4,0.7,5.1,-5.8,57907,75797
2016-04-01,0.6,0.7,4.9,-5.3,61121,79186
2016-07-01,0.4,1.0,4.8,-6.7,63137,83334
2016-10-01,0.6,1.5,4.7,-4.1,64919,84792
2017-01-01,0.8,2.2,4.6,-3.2,68097,85889
2017-04-01,0.6,2.6,4.4,-4.4,69317,87703
2017-07-01,0.6,2.7,4.3,-3.4,73077,89739
2017-10-01,0.7,2.8,4.4,-3.1,71799,88825
2018-01-01,0.1,2.5,4.2,-4.1,73558,93281
2018-04-01,0.2,2.2,4.0,-3.4,75572,94265
2018-07-01,0.3,2.3,4.1,-3.7,75750,91994
2018-10-01,0.1,2.1,4.0,-4.6,75701,95695
2019-01-01,0.7,1.8,3.8,-6.2,75576,99375
2019-04-01,0.3,2.0,3.9,-2.4,73773,91676
2019-07-01,0.7,1.8,3.9,-2.4,76073,95607
2019-10-01,0.0,1.4,3.7,0.2,73607,92476
