1997 Q1,32723
1997 Q2,33777
1997 Q3,33076
1997 Q4,34036
1998 Q1,33946
1998 Q2,35100
1998 Q3,34777
1998 Q4,35494
1999 Q1,36335
1999 Q2,35953
1999 Q3,37284
1999 Q4,38061
2000 Q1,37568
2000 Q2,38747
2000 Q3,39861
2000 Q4,40898
2001 Q1,43122
2001 Q2,43518
2001 Q3,43342
2001 Q4,43079
2002 Q1,45550
2002 Q2,46873
2002 Q3,46971
2002 Q4,46619
2003 Q1,48246
2003 Q2,46743
2003 Q3,47279
2003 Q4,48600
2004 Q1,47976
2004 Q2,48850
2004 Q3,49301
2004 Q4,51564
2005 Q1,51387
2005 Q2,52803
2005 Q3,54891
2005 Q4,56270
2006 Q1,65866
2006 Q2,68222
2006 Q3,56006
2006 Q4,54835
2007 Q1,56099
2007 Q2,56820
2007 Q3,58326
2007 Q4,59747
2008 Q1,61935
2008 Q2,63988
2008 Q3,62656
2008 Q4,57363
2009 Q1,55187
2009 Q2,55252
2009 Q3,56970
2009 Q4,59643
2010 Q1,60186
2010 Q2,61998
2010 Q3,62656
2010 Q4,64533
2011 Q1,65028
2011 Q2,66783
2011 Q3,68846
2011 Q4,68424
2012 Q1,68627
2012 Q2,68910
2012 Q3,68388
2012 Q4,68611
2013 Q1,70773
2013 Q2,71919
2013 Q3,73347
2013 Q4,73319
2014 Q1,72334
2014 Q2,73145
2014 Q3,73720
2014 Q4,75835
2015 Q1,74282
2015 Q2,73753
2015 Q3,73497
2015 Q4,74699
2016 Q1,75797
2016 Q2,79186
2016 Q3,83334
2016 Q4,84792
2017 Q1,85889
2017 Q2,87703
2017 Q3,89739
2017 Q4,88825
2018 Q1,93281
2018 Q2,94265
2018 Q3,91994
2018 Q4,95695
2019 Q1,99375
2019 Q2,91676
2019 Q3,95607
2019 Q4,92476